aileron,elevator,rudder,flaps,slats,speedbrake,throttle,throttle,engine-pump,engine-pump,electric-pump,electric-pump,external-power,APU-generator,latitude-deg,longitude-deg,altitude-ft,roll-deg,pitch-deg,heading-deg,side-slip-deg,airspeed-kt,glideslope,vertical-speed-fps,airspeed-indicator_indicated-speed-kt,altimeter_indicated-altitude-ft,altimeter_pressure-alt-ft,attitude-indicator_indicated-pitch-deg,attitude-indicator_indicated-roll-deg,attitude-indicator_internal-pitch-deg,attitude-indicator_internal-roll-deg,encoder_indicated-altitude-ft,encoder_pressure-alt-ft,gps_indicated-altitude-ft,gps_indicated-ground-speed-kt,gps_indicated-vertical-speed,indicated-heading-deg,magnetic-compass_indicated-heading-deg,slip-skid-ball_indicated-slip-skid,turn-indicator_indicated-turn-rate,vertical-speed-indicator_indicated-speed-fpm,engine_rpm
0,0,0,0,0,0,0,0,0,0,0,0,0,0,63.98504421,-22.59248365,-9999,0,0.424,270.021362,0,0,0,0,0,0,0,0,0,0,0,0,0,0,0,0,0,0,0,0,0,0
0,0,0,0,0,0,0,0,0,0,0,0,0,0,63.98504421,-22.59248365,-9999,0,0.424,270.021362,0,0,0,0,0,389.088776,1.193444,12,40,0,0,0,0,0,0,0,283.232513,0,0,0,0,0
0,0,0,0,0,0,0,0,0,0,0,0,0,0,63.99183534,-22.60542555,-9999,0,0.424,180.018387,0,0,0,0,0,389.088776,1.193444,12,40,0,0,0,0,0,0,0,283.232513,0,0,0,0,0
0,0,0,0,0,0,0,0,0,0,0,0,0,0,63.99183534,-22.60542555,-9999,0,0.424,180.018387,0,0,0,0,0,389.088776,1.193444,12,40,0,0,0,0,0,0,0,283.232513,0,0,0,0,0
0,0,0,0,0,0,0,0,0,0,0,0,0,0,63.99183534,-22.60542555,-9999,0,0.424,180.018387,0,0,0,0,0,389.088776,1.193444,12,40,0,0,0,0,0,0,0,283.232513,0,0,0,0,0
0,0,0,0,0,0,0,0,0,0,0,0,0,0,63.99183534,-22.60542555,-9999,0,0.424,180.018387,0,0,0,0,0,389.088776,1.193444,12,40,0,0,0,0,0,0,0,283.232513,0,0,0,0,0
0,0,0,0,0,0,0,0,0,0,0,0,0,0,63.99183534,-22.60542555,-9999,0,0.424,180.018387,0,0,0,0,0,389.088776,1.193444,12,40,0,0,0,0,0,0,0,283.232513,0,0,0,0,0
0,0,0,0,0,0,0,0,0,0,0,0,0,0,63.99183534,-22.60542555,-9999,0,0.424,180.018387,0,0,0,0,0,389.088776,1.193444,12,40,0,0,0,0,0,0,0,283.232513,0,0,0,0,0
0,0,0,0,0,0,0,0,0,0,0,0,0,0,63.99183534,-22.60542555,-9999,0,0.424,180.018387,0,0,0,0,0,389.088776,1.193444,12,40,0,0,0,0,0,0,0,283.232513,0,0,0,0,0
0,0,0,0,0,0,0,0,0,0,0,0,0,0,63.99183534,-22.60542555,-9999,0,0.424,180.018387,0,0,0,0,0,389.088776,1.193444,12,40,0,0,0,0,0,0,0,283.232513,0,0,0,0,0
0,0,0,0,0,0,0,0,0,0,0,0,0,0,63.99183534,-22.60542555,-9999,0,0.424,180.018387,0,0,0,0,0,389.088776,1.193444,12,40,0,0,0,0,0,0,0,283.232513,0,0,0,0,0
0,0,0,0,0,0,0,0,0,0,0,0,0,0,63.99183534,-22.60542555,-9999,0,0.424,180.018387,0,0,0,0,0,389.088776,1.193444,12,40,0,0,0,0,0,0,0,283.232513,0,0,0,0,0
0,0,0,0,0,0,0,0,0,0,0,0,0,0,63.99183534,-22.60542555,-9999,0,0.424,180.018387,0,0,0,0,0,389.088776,1.193444,12,40,0,0,0,0,0,0,0,283.232513,0,0,0,0,0
0,0,0,0,0,0,0,0,0,0,0,0,0,0,63.99183534,-22.60542555,-9999,0,0.424,180.018387,0,0,0,0,0,389.088776,1.193444,12,40,0,0,0,0,0,0,0,283.232513,0,0,0,0,0
0,0,0,0,0,0,0,0,0,0,0,0,0,0,63.99183534,-22.60542555,-9999,0,0.424,180.018387,0,0,0,0,0,389.088776,1.193444,12,40,0,0,0,0,0,0,0,283.232513,0,0,0,0,0
0,0,0,0,0,0,0,0,0,0,0,0,0,0,63.99183534,-22.60542555,-9999,0,0.424,180.018387,0,0,0,0,0,389.088776,1.193444,12,40,0,0,0,0,0,0,0,283.232513,0,0,0,0,0
0,0,0,0,0,0,0,0,0,0,0,0,0,0,63.99183534,-22.60542555,-9999,0,0.424,180.018387,0,0,0,0,0,389.088776,1.193444,12,40,0,0,0,0,0,0,0,283.232513,0,0,0,0,0
0,0,0,0,0,0,0,0,0,0,0,0,0,0,63.99183534,-22.60542555,-9999,0,0.424,180.018387,0,0,0,0,0,389.088776,1.193444,12,40,0,0,0,0,0,0,0,283.232513,0,0,0,0,0
0,0,0,0,0,0,0,0,0,0,0,0,0,0,63.99183534,-22.60542555,-9999,0,0.424,180.018387,0,0,0,0,0,389.088776,1.193444,12,40,0,0,0,0,0,0,0,283.232513,0,0,0,0,0
0,0,0,0,0,0,0,0,0,0,0,0,0,0,63.99183534,-22.60542555,-9999,0,0.424,180.018387,0,0,0,0,0,389.088776,1.193444,12,40,0,0,0,0,0,0,0,283.232513,0,0,0,0,0
0,0,0,0,0,0,0,0,0,0,0,0,0,0,63.99183534,-22.60542555,-9999,0,0.424,180.018387,0,0,0,0,0,389.088776,1.193444,12,40,0,0,0,0,0,0,0,283.232513,0,0,0,0,0
0,0,0,0,0,0,0,0,0,0,0,0,0,0,63.99183534,-22.60542555,-9999,0,0.424,180.018387,0,0,0,0,0,389.088776,1.193444,12,40,0,0,0,0,0,0,0,283.232513,0,0,0,0,0
0,0,0,0,0,0,0,0,0,0,0,0,0,0,63.99183534,-22.60542555,-9999,0,0.424,180.018387,0,0,0,0,0,389.088776,1.193444,12,40,0,0,0,0,0,0,0,283.232513,0,0,0,0,0
0,0,0,0,0,0,0,0,0,0,0,0,0,0,63.99183534,-22.60542555,-9999,0,0.424,180.018387,0,0,0,0,0,389.088776,1.193444,12,40,0,0,0,0,0,0,0,283.232513,0,0,0,0,0
0,0,0,0,0,0,0,0,0,0,0,0,0,0,63.99183534,-22.60542555,-9999,0,0.424,180.018387,0,0,0,0,0,389.088776,1.193444,12,40,0,0,0,0,0,0,0,283.232513,0,0,0,0,0
0,0,0,0,0,0,0,0,0,0,0,0,0,0,63.99183534,-22.60542555,-9999,0,0.424,180.018387,0,0,0,0,0,389.088776,1.193444,12,40,0,0,0,0,0,0,0,283.232513,0,0,0,0,0
0,0,0,0,0,0,0,0,0,0,0,0,0,0,63.99183534,-22.60542555,-9999,0,0.424,180.018387,0,0,0,0,0,389.088776,1.193444,12,40,0,0,0,0,0,0,0,283.232513,0,0,0,0,0
0,0,0,0,0,0,0,0,0,0,0,0,0,0,63.99183534,-22.60542555,-9999,0,0.424,180.018387,0,0,0,0,0,389.088776,1.193444,12,40,0,0,0,0,0,0,0,283.232513,0,0,0,0,0
0,0,0,0,0,0,0,0,0,0,0,0,0,0,63.99183534,-22.60542555,-9999,0,0.424,180.018387,0,0,0,0,0,389.088776,1.193444,12,40,0,0,0,0,0,0,0,283.232513,0,0,0,0,0
0,0,0,0,0,0,0,0,0,0,0,0,0,0,63.99183534,-22.60542555,-9999,0,0.424,180.018387,0,0,0,0,0,389.088776,1.193444,12,40,0,0,0,0,0,0,0,283.232513,0,0,0,0,0
0,0,0,0,0,0,0,0,0,0,0,0,0,0,63.99183534,-22.60542555,-9999,0,0.424,180.018387,0,0,0,0,0,389.088776,1.193444,12,40,0,0,0,0,0,0,0,283.232513,0,0,0,0,0
0,0,0,0,0,0,0,0,0,0,0,0,0,0,63.99183534,-22.60542555,-9999,0,0.424,180.018387,0,0,0,0,0,389.088776,1.193444,12,40,0,0,0,0,0,0,0,283.232513,0,0,0,0,0
0,0,0,0,0,0,0,0,0,0,0,0,0,0,63.99183534,-22.60542555,-9999,0,0.424,180.018387,0,0,0,0,0,389.088776,1.193444,12,40,0,0,0,0,0,0,0,283.232513,0,0,0,0,0
0,0,0,0,0,0,0,0,0,0,0,0,0,0,63.99183534,-22.60542555,-9999,0,0.424,180.018387,0,0,0,0,0,389.088776,1.193444,12,40,0,0,0,0,0,0,0,283.232513,0,0,0,0,0
0,0,0,0,0,0,0,0,0,0,0,0,0,0,63.99183534,-22.60542555,-9999,0,0.424,180.018387,0,0,0,0,0,389.088776,1.193444,12,40,0,0,0,0,0,0,0,283.232513,0,0,0,0,0
0,0,0,0,0,0,0,0,0,0,0,0,0,0,63.99183534,-22.60542555,-9999,0,0.424,180.018387,0,0,0,0,0,389.088776,1.193444,12,40,0,0,0,0,0,0,0,283.232513,0,0,0,0,0
0,0,0,0,0,0,0,0,0,0,0,0,0,0,63.99183572,-22.60542625,146.215851,0.105229,5.245214,180.011627,0,0,0,0,0,389.088776,1.193444,12,40,0,0,0,0,0,0,0,283.232513,0,0,0,0,0
0,0,0,0,0,0,0,0,0,0,0,0,0,0,63.99183573,-22.60542624,146.215744,0.093601,5.271746,180.010666,89.870567,3.014619,-0.046912,-0.000023,0,538.442322,150.546951,12,40,0,0,150.000137,150,146.215744,0.000052,-0.002013,283.232483,344.452362,-0.010979,-0.985256,3365.828857,0
0,0,0,0,0,0,0,0,0,0,0,0,0,0,63.99183572,-22.60542624,146.216095,0.09627,5.242211,180.010864,83.896652,2.735632,0.124843,0.00004,0,510.10733,122.21199,12,40,0,0,120.000145,120,146.216095,0.000109,0.003019,283.232483,304.645813,-0.014634,-1.582221,1673.464111,0
0,0,0,0,0,0,0,0,0,0,0,0,0,0,63.99183572,-22.60542624,146.21608,0.099081,5.24213,180.011093,76.419365,2.495195,-0.092921,-0.000003,0,481.766022,93.870667,12,40,0,0,90.000145,90,146.21608,0.000089,-0.000168,283.232483,252.085159,-0.01629,-1.94392,-159.086945,0
0,0,0,0,0,0,0,0,0,0,0,0,0,0,63.99183572,-22.60542624,146.216064,0.099206,5.242162,180.011108,75.036453,2.459739,-0.145044,-0.000011,5.888528,478.639923,90.744583,12,40,0,0,90.000145,90,146.216064,0.000086,-0.00104,283.232483,242.924805,-0.016432,-1.988471,-528.672424,0
0,0,0,0,0,0,0,0,0,0,0,0,0,0,63.99183572,-22.60542624,146.216064,0.099333,5.242201,180.011124,74.116287,2.437478,-0.149621,-0.000017,6.882218,475.998291,88.102943,12,40,0,0,90.000145,90,146.216064,0.000085,-0.00104,283.232483,236.9814,-0.016508,-2.015496,-689.688049,0
0,0,0,0,0,0,0,0,0,0,0,0,0,0,63.99183572,-22.60542624,146.216064,0.099469,5.242248,180.011139,73.324562,2.419137,-0.142188,-0.000019,7.105715,473.557922,85.662575,12,40,0,0,90.000145,90,146.216064,0.000083,-0.001577,283.232483,231.971024,-0.016583,-2.037246,-800.722778,0
0,0,0,0,0,0,0,0,0,0,0,0,0,0,63.99183572,-22.60542624,146.216064,0.099641,5.242309,180.011139,72.447151,2.399661,-0.140313,-0.000021,7.205441,470.774719,82.879379,12,40,0,0,90.000145,90,146.216064,0.000081,-0.001677,283.232483,226.534683,-0.016654,-2.059861,-902.215515,0
0,0,0,0,0,0,0,0,0,0,0,0,0,0,63.99183572,-22.60542624,146.216064,0.099845,5.242386,180.011169,71.480576,2.379204,-0.142572,-0.000023,7.276629,467.701111,79.805763,12,40,0,0,80.000145,80,146.216064,0.00008,-0.001543,283.232483,220.691513,-0.016723,-2.083114,-993.142639,0
0,0,0,0,0,0,0,0,0,0,0,0,0,0,63.99183572,-22.60542624,146.216064,0.100025,5.242456,180.011185,70.649727,2.362428,-0.143096,-0.000024,7.3239,465.137482,77.242142,12,40,0,0,80.000145,80,146.216064,0.000078,-0.001644,283.232483,215.7939,-0.016792,-2.101829,-1054.856567,0
0,0,0,0,0,0,0,0,0,0,0,0,0,0,63.99183572,-22.60542624,146.216049,0.100227,5.242536,180.0112,69.729942,2.344701,-0.142835,-0.000024,7.330574,462.304291,74.408943,12,40,0,0,80.000145,80,146.216049,0.000077,-0.00161,283.232483,210.508942,-0.016857,-2.121287,-1114.44812,0
0,0,0,0,0,0,0,0,0,0,0,0,0,0,63.99183572,-22.60542624,146.216049,0.100398,5.242604,180.011215,68.952888,2.330395,-0.139962,-0.000024,7.313295,459.882965,71.987617,12,40,0,0,70.000145,70,146.216049,0.000075,-0.001811,283.232483,206.157471,-0.016898,-2.136774,-1160.937744,0
0,0,0,0,0,0,0,0,0,0,0,0,0,0,63.99183572,-22.60542624,146.216049,0.100619,5.242692,180.01123,67.928535,2.312445,-0.140036,-0.000024,7.30209,456.814453,68.919113,12,40,0,0,70.000145,70,146.216049,0.000074,-0.001845,283.232483,200.581177,-0.016958,-2.155965,-1209.998535,0
0,0,0,0,0,0,0,0,0,0,0,0,0,0,63.99183572,-22.60542624,146.216049,0.100838,5.242781,180.011246,66.88842,2.295245,-0.138458,-0.000023,7.206933,453.761444,65.866112,12,40,0,0,70.000145,70,146.216049,0.000072,-0.001811,283.232483,195.106186,-0.017039,-2.174141,-1252.00647,0
0,0,0,0,0,0,0,0,0,0,0,0,0,0,63.99183572,-22.60542624,146.216049,0.101052,5.242867,180.011261,65.832909,2.278812,-0.138692,-0.000022,7.328353,450.681854,62.786522,12,40,0,0,70.000145,70,146.216049,0.000071,-0.001811,283.232483,189.743042,-0.017095,-2.191357,-1290.505371,0
0,0,0,0,0,0,0,0,0,0,0,0,0,0,63.99183572,-22.60542624,146.216034,0.101197,5.242926,180.011276,65.093353,2.267894,-0.137667,-0.000022,7.314415,448.546539,60.651184,12,40,0,0,60.000141,60,146.216034,0.00007,-0.001744,283.232483,186.100906,-0.017132,-2.20274,-1314.724121,0
0,0,0,0,0,0,0,0,0,0,0,0,0,0,63.99183572,-22.60542624,146.216034,0.101387,5.243002,180.011292,64.096313,2.253929,-0.138419,-0.000021,7.304644,445.750153,57.854809,12,40,0,0,60.000141,60,146.216034,0.000068,-0.001543,283.232483,181.341171,-0.017182,-2.217267,-1341.858643,0
0,0,0,0,0,0,0,0,0,0,0,0,0,0,63.99183572,-22.60542624,146.216034,0.101572,5.243076,180.011307,63.08712,2.240654,-0.136591,-0.000021,7.314478,442.926575,55.031242,12,40,0,0,60.000141,60,146.216034,0.000067,-0.001442,283.232483,176.698257,-0.017232,-2.231084,-1367.578613,0
0,0,0,0,0,0,0,0,0,0,0,0,0,0,63.99183572,-22.60542624,146.216034,0.101752,5.243148,180.011322,62.066174,2.228083,-0.134457,-0.00002,7.323031,440.095947,52.200596,12,40,0,0,50.000141,50,146.216034,0.000065,-0.001442,283.232483,172.179047,-0.01728,-2.244226,-1391.235229,0
0,0,0,0,0,0,0,0,0,0,0,0,0,0,63.99183572,-22.60542624,146.216034,0.101928,5.243218,180.011337,61.033932,2.216226,-0.129553,-0.000018,7.277314,437.261749,49.366405,12,40,0,0,50.000141,50,146.216034,0.000064,-0.001543,283.232483,167.79007,-0.017326,-2.256726,-1412.929932,0
0,0,0,0,0,0,0,0,0,0,0,0,0,0,63.99183572,-22.60542624,146.216034,0.102098,5.243285,180.011353,59.990891,2.205096,-0.129202,-0.000018,7.344241,434.430878,46.535534,12,40,0,0,50.000141,50,146.216034,0.000063,-0.001241,283.232483,163.537415,-0.01737,-2.268615,-1432.638672,0
0,0,0,0,0,0,0,0,0,0,0,0,0,0,63.99183572,-22.60542624,146.216034,0.102263,5.24335,180.011368,58.937576,2.194704,-0.125658,-0.000017,7.418355,431.595123,43.699783,12,40,0,0,50.000141,50,146.216034,0.000062,-0.001208,283.232483,159.426819,-0.017413,-2.279922,-1450.832153,0
0,0,0,0,0,0,0,0,0,0,0,0,0,0,63.99183572,-22.60542624,146.216019,0.102423,5.243412,180.011383,57.874561,2.18506,-0.122035,-0.000016,7.439608,428.762634,40.867302,12,40,0,0,40.000141,40,146.216019,0.00006,-0.001141,283.232483,155.463623,-0.017454,-2.290678,-1467.428711,0
0,0,0,0,0,0,0,0,0,0,0,0,0,0,63.99183572,-22.60542624,146.216019,0.102578,5.243471,180.011398,56.802444,2.176174,-0.115771,-0.000014,7.379069,425.933472,38.038136,12,40,0,0,40.000141,40,146.216019,0.000059,-0.001208,283.232483,151.65274,-0.017497,-2.300907,-1482.460083,0
0,0,0,0,0,0,0,0,0,0,0,0,0,0,63.99183572,-22.60542624,146.216019,0.102728,5.243528,180.011414,55.721886,2.168056,-0.112935,-0.000014,7.456202,423.09613,35.200779,12,40,0,0,40.000141,40,146.216019,0.000058,-0.001006,283.232483,147.998734,-0.017535,-2.310637,-1496.713989,0
0,0,0,0,0,0,0,0,0,0,0,0,0,0,63.99183572,-22.60542624,146.216019,0.102886,5.243587,180.011429,54.54253,2.160138,-0.10563,-0.000012,7.475029,419.988037,32.092686,12,40,0,0,30.000143,30,146.216019,0.000057,-0.001006,283.232483,144.222,-0.017572,-2.320642,-1512.314941,0
0,0,0,0,0,0,0,0,0,0,0,0,0,0,63.99183572,-22.60542624,146.216019,0.103015,5.243636,180.011429,53.538143,2.154157,-0.099953,-0.000011,7.406167,417.436066,29.54071,12,40,0,0,30.000143,30,146.216019,0.000056,-0.001006,283.232483,141.177399,-0.017613,-2.328693,-1521.288818,0
0,0,0,0,0,0,0,0,0,0,0,0,0,0,63.99183572,-22.60542624,146.216019,0.103151,5.243685,180.011444,52.436424,2.148392,-0.094718,-0.00001,7.479318,414.594513,26.699173,12,40,0,0,30.000143,30,146.216019,0.000055,-0.000805,283.232483,138.017151,-0.017647,-2.337065,-1532.713623,0
0,0,0,0,0,0,0,0,0,0,0,0,0,0,63.99183572,-22.60542624,146.216019,0.103283,5.243733,180.011459,51.329136,2.143425,-0.086262,-0.000009,7.417704,411.753906,23.858555,12,40,0,0,30.000143,30,146.216019,0.000054,-0.000839,283.232483,135.027878,-0.017682,-2.345027,-1543.204346,0
0,0,0,0,0,0,0,0,0,0,0,0,0,0,63.99183572,-22.60542624,146.216019,0.10341,5.243778,180.011459,50.217083,2.139262,-0.078305,-0.000008,7.420235,408.917145,21.02179,12,40,0,0,20.000143,20,146.216019,0.000053,-0.000671,283.232483,132.212128,-0.017715,-2.352601,-1552.765747,0
0,0,0,0,0,0,0,0,0,0,0,0,0,0,63.99183572,-22.60542624,146.216019,0.103543,5.243824,180.011475,49.007923,2.135666,-0.06912,-0.000007,7.504209,405.812897,17.917549,12,40,0,0,20.000143,20,146.216019,0.000051,-0.000604,283.232483,129.360031,-0.017746,-2.360388,-1563.622803,0
0,0,0,0,0,0,0,0,0,0,0,0,0,0,63.99183572,-22.60542625,146.216019,0.103651,5.243861,180.01149,47.981934,2.133367,-0.060339,-0.000006,7.429486,403.246246,15.350889,12,40,0,0,20.000143,20,146.216019,0.00005,-0.000503,283.232483,127.109383,-0.017779,-2.366656,-1569.750122,0
0,0,0,0,0,0,0,0,0,0,0,0,0,0,63.99183572,-22.60542625,146.216003,0.103766,5.243899,180.01149,46.860519,2.131641,-0.050384,-0.000005,7.502735,400.415314,12.519956,12,40,0,0,20.000143,20,146.216003,0.000049,-0.000403,283.232483,124.825493,-0.017809,-2.373172,-1577.19873,0
0,0,0,0,0,0,0,0,0,0,0,0,0,0,63.99183572,-22.60542625,146.216003,0.103894,5.243941,180.011505,45.550453,2.130661,-0.03671,-0.000003,7.45521,397.067383,9.172044,12,40,0,0,10.000142,10,146.216003,0.000048,-0.000403,283.232483,122.388199,-0.017849,-2.380373,-1586.889282,0
0,0,0,0,0,0,0,0,0,0,0,0,0,0,63.99183572,-22.60542625,146.216003,0.104,5.243975,180.01152,44.427025,2.130709,-0.024394,-0.000002,7.495376,394.260345,6.365013,12,40,0,0,10.000142,10,146.216003,0.000047,-0.000302,283.232483,120.49453,-0.017878,-2.38622,-1592.202271,0
0,0,0,0,0,0,0,0,0,0,0,0,0,0,63.99183572,-22.60542625,146.216003,0.104102,5.244006,180.01152,43.304035,2.131575,-0.010568,-0.000001,7.519809,391.435333,3.540003,12,40,0,0,10.000142,10,146.216003,0.000046,-0.000268,283.232483,118.781479,-0.017906,-2.39178,-1597.839478,0
0,0,0,0,0,0,0,0,0,0,0,0,0,0,63.99183572,-22.60542625,146.216003,0.104201,5.244035,180.011536,42.182346,2.13326,0.00331,0,7.469223,388.600464,0.705117,12,40,0,0,0.000142,0,146.216003,0.000046,-0.000134,283.232483,117.248848,-0.017933,-2.397069,-1603.427734,0
0,0,0,0,0,0,0,0,0,0,0,0,0,0,63.99183572,-22.60542625,146.216003,0.104289,5.24406,180.011536,41.156021,2.135521,0.01882,0.000001,7.497145,385.964111,-1.931224,12,40,0,0,0.000142,0,146.216003,0.000045,-0.000067,283.232483,116.001984,-0.01795,-2.401689,-1613.32959,0
0,0,0,0,0,0,0,0,0,0,0,0,0,0,63.99183572,-22.60542625,146.216003,0.104373,5.244083,180.011551,40.132133,2.138466,0.035408,0.000003,7.476495,383.580017,-4.315322,12,40,0,0,0.000142,0,146.216003,0.000044,0,283.232483,114.905609,-0.017975,-2.406102,-1613.825806,0
0,0,0,0,0,0,0,0,0,0,0,0,0,0,63.99183572,-22.60542625,146.216003,0.104469,5.244109,180.011551,38.926151,2.142824,0.054519,0.000004,7.548095,380.644714,-7.250623,12,40,0,0,0.000142,0,146.216003,0.000043,0.000168,283.232483,113.802658,-0.017997,-2.411063,-1619.058594,0
0,0,0,0,0,0,0,0,0,0,0,0,0,0,63.99183572,-22.60542625,146.216003,0.104548,5.244128,180.011566,37.909863,2.14725,0.074632,0.000005,7.550965,378.208527,-9.686822,12,40,0,0,-9.999858,-10,146.216003,0.000042,0.000101,283.232483,113.031158,-0.01802,-2.415056,-1621.291138,0
0,0,0,0,0,0,0,0,0,0,0,0,0,0,63.99183572,-22.60542625,146.216003,0.10463,5.244148,180.011566,36.806297,2.152847,0.092971,0.000006,7.504838,375.507355,-12.387978,12,40,0,0,-9.999858,-10,146.216003,0.000041,0.000335,283.232483,112.356888,-0.018042,-2.419207,-1625.233887,0
0,0,0,0,0,0,0,0,0,0,0,0,0,0,63.99183572,-22.60542625,146.216003,0.104723,5.244169,180.011581,35.526558,2.160379,0.124238,0.000008,7.502998,372.30365,-15.591691,12,40,0,0,-9.999858,-10,146.216003,0.00004,0.000268,283.232483,111.788193,-0.01807,-2.423794,-1631.546509,0
0,0,0,0,0,0,0,0,0,0,0,0,0,0,63.99183572,-22.60542625,146.216003,0.1048,5.244184,180.011581,34.437115,2.167688,0.147058,0.000009,7.488922,369.635193,-18.260151,12,40,0,0,-19.999857,-20,146.216003,0.00004,0.000537,283.232483,111.484749,-0.018091,-2.427519,-1633.502563,0
0,0,0,0,0,0,0,0,0,0,0,0,0,0,63.99183572,-22.60542625,146.216019,0.104874,5.244198,180.011597,33.35535,2.175776,0.181181,0.00001,7.58197,366.948334,-20.947012,12,40,0,0,-19.999857,-20,146.216019,0.000039,0.000403,283.232483,111.348259,-0.018112,-2.431061,-1636.089355,0
0,0,0,0,0,0,0,0,0,0,0,0,0,0,63.99183572,-22.60542625,146.216019,0.104945,5.24421,180.011597,32.28194,2.184633,0.210653,0.000012,7.600248,364.251617,-23.643732,12,40,0,0,-19.999857,-20,146.216019,0.000038,0.00047,283.232483,111.375687,-0.018131,-2.43443,-1638.890625,0
0,0,0,0,0,0,0,0,0,0,0,0,0,0,63.99183572,-22.60542625,146.216019,0.105014,5.24422,180.011597,31.217524,2.194252,0.234156,0.000012,7.548505,361.548035,-26.347305,12,40,0,0,-19.999857,-20,146.216019,0.000037,0.000772,283.232483,111.563728,-0.01815,-2.437634,-1641.737549,0
0,0,0,0,0,0,0,0,0,0,0,0,0,0,63.99183572,-22.60542625,146.216019,0.105081,5.244229,180.011612,30.162724,2.204622,0.272089,0.000014,7.603497,358.846405,-29.048937,12,40,0,0,-29.999857,-30,146.216019,0.000037,0.000671,283.232483,111.908829,-0.018168,-2.440682,-1644.313232,0
0,0,0,0,0,0,0,0,0,0,0,0,0,0,63.99183572,-22.60542625,146.216019,0.10513,5.244234,180.011612,29.378281,2.212885,0.29115,0.000015,7.637727,356.787384,-31.10795,12,40,0,0,-29.999857,-30,146.216019,0.000036,0.000872,283.232483,112.268448,-0.01818,-2.44287,-1647.464478,0
0,0,0,0,0,0,0,0,0,0,0,0,0,0,63.99183572,-22.60542625,146.216049,0.105847,5.244209,180.011673,19.559345,2.36041,0.544685,0.000004,2.192275,327.638885,-60.256466,12,40,0,0,-59.999859,-60,146.216049,0.000029,0.000268,283.232483,124.384216,-0.018361,-2.465385,-1532.53186,0
0,0,0,0,0,0,0,0,0,0,0,0,0,0,63.99183572,-22.60542625,146.216049,0.105869,5.244211,180.011673,18.500225,2.381816,0.525561,0.000012,6.029112,325.787689,-62.10767,12,40,0,0,-59.999859,-60,146.216049,0.000029,0.000537,283.232483,126.555733,-0.018368,-2.46735,-1488.695557,0
0,0,0,0,0,0,0,0,0,0,0,0,0,0,63.99183572,-22.60542625,146.216049,0.105903,5.244216,180.011673,17.607672,2.400802,0.485853,0.000018,7.163515,323.643585,-64.251747,12,40,0,0,-59.999859,-60,146.216049,0.000028,0.000805,283.232483,128.519241,-0.018375,-2.468946,-1477.960449,0
0,0,0,0,0,0,0,0,0,0,0,0,0,0,63.99183572,-22.60542625,146.216049,0.105953,5.244223,180.011688,16.72928,2.420362,0.458593,0.000022,7.548492,321.137756,-66.757576,12,40,0,0,-59.999859,-60,146.216049,0.000028,0.00104,283.232483,130.571045,-0.018383,-2.470464,-1483.713379,0
0,0,0,0,0,0,0,0,0,0,0,0,0,0,63.99183572,-22.60542625,146.216049,0.106017,5.244232,180.011688,15.865103,2.440483,0.448881,0.000026,7.685388,318.504608,-69.390739,12,40,0,0,-69.999855,-70,146.216049,0.000027,0.001208,283.232483,132.705307,-0.018392,-2.471907,-1494.543701,0
0,0,0,0,0,0,0,0,0,0,0,0,0,0,63.99183572,-22.60542625,146.216049,0.10609,5.244241,180.011688,15.015182,2.461151,0.44875,0.000029,7.739145,315.826599,-72.068748,12,40,0,0,-69.999855,-70,146.216049,0.000027,0.001409,283.232483,134.916183,-0.018402,-2.47328,-1506.465332,0
0,0,0,0,0,0,0,0,0,0,0,0,0,0,63.99183572,-22.60542625,146.216049,0.106171,5.244248,180.011703,14.179541,2.482353,0.453692,0.000031,7.764195,313.132813,-74.762543,12,40,0,0,-69.999855,-70,146.216049,0.000026,0.00151,283.232483,137.197769,-0.018413,-2.474586,-1518.144287,0
0,0,0,0,0,0,0,0,0,0,0,0,0,0,63.99183572,-22.60542625,146.216064,0.106257,5.244254,180.011703,13.358176,2.504074,0.460902,0.000034,7.779259,310.433441,-77.461906,12,40,0,0,-79.999855,-80,146.216064,0.000026,0.001711,283.232483,139.544144,-0.018425,-2.475828,-1529.170654,0
0,0,0,0,0,0,0,0,0,0,0,0,0,0,63.99183572,-22.60542625,146.216064,0.106347,5.244257,180.011719,12.551059,2.526302,0.469231,0.000036,7.79087,307.732117,-80.163239,12,40,0,0,-79.999855,-80,146.216064,0.000025,0.001744,283.232483,141.949371,-0.018437,-2.477009,-1539.451172,0
0,0,0,0,0,0,0,0,0,0,0,0,0,0,63.99183572,-22.60542625,146.216064,0.106441,5.244258,180.011719,11.758137,2.549024,0.477783,0.000038,7.801317,305.03006,-82.865273,12,40,0,0,-79.999855,-80,146.216064,0.000025,0.001879,283.232483,144.407516,-0.01845,-2.478132,-1548.997437,0
0,0,0,0,0,0,0,0,0,0,0,0,0,0,63.99183572,-22.60542625,146.216064,0.106554,5.244255,180.011734,10.850914,2.576139,0.481446,0.00004,7.812682,301.798981,-86.096359,12,40,0,0,-79.999855,-80,146.216064,0.000024,0.002147,283.232483,147.334335,-0.018468,-2.479374,-1562.534546,0
0,0,0,0,0,0,0,0,0,0,0,0,0,0,63.99183572,-22.60542625,146.21608,0.106638,5.24425,180.011734,10.214574,2.595896,0.488501,0.000041,7.690982,299.537201,-88.358154,12,40,0,0,-89.999855,-90,146.21608,0.000024,0.00208,283.232483,149.458923,-0.018476,-2.480218,-1569.453735,0
0,0,0,0,0,0,0,0,0,0,0,0,0,0,63.99183572,-22.60542625,146.21608,0.106739,5.244241,180.011749,9.463716,2.62002,0.500058,0.000043,7.775911,296.891907,-91.003448,12,40,0,0,-89.999855,-90,146.21608,0.000023,0.002214,283.232483,152.040436,-0.018491,-2.481184,-1574.494751,0
0,0,0,0,0,0,0,0,0,0,0,0,0,0,63.99183572,-22.60542625,146.21608,0.106841,5.244228,180.011765,8.771157,2.631282,0.434717,0.000037,7.818202,294.209534,-93.685799,12,40,0,0,-89.999855,-90,146.21608,0.000023,0.002214,283.232483,154.651382,-0.018506,-2.482104,-1580.697388,0
0,0,0,0,0,0,0,0,0,0,0,0,0,0,63.99183572,-22.60542625,146.21608,0.106947,5.244215,180.011765,8.133994,2.626986,0.302331,0.000026,7.831311,291.51413,-96.381203,12,40,0,0,-89.999855,-90,146.21608,0.000022,0.00161,283.232483,157.286011,-0.018521,-2.482979,-1586.994629,0
0,0,0,0,0,0,0,0,0,0,0,0,0,0,63.99183572,-22.60542625,146.21608,0.107058,5.244203,180.01178,7.494792,2.623016,0.205361,0.000018,7.836077,288.814117,-99.081215,12,40,0,0,-99.999855,-100,146.21608,0.000022,0.001006,283.232483,159.938629,-0.018536,-2.48381,-1593.036133,0
0,0,0,0,0,0,0,0,0,0,0,0,0,0,63.99183572,-22.60542625,146.21608,0.107173,5.244193,180.01178,6.853695,2.619372,0.13775,0.000012,7.83793,286.112488,-101.78286,12,40,0,0,-99.999855,-100,146.21608,0.000021,0.000704,283.232483,162.603622,-0.018552,-2.484601,-1598.720825,0
0,0,0,0,0,0,0,0,0,0,0,0,0,0,63.99183572,-22.60542625,146.216095,0.10731,5.244182,180.011795,6.103572,2.615538,0.084861,0.000008,7.838188,282.88147,-105.013893,12,40,0,0,-99.999855,-100,146.216095,0.000021,0.000335,283.232483,165.721085,-0.018574,-2.485476,-1608.062744,0
0,0,0,0,0,0,0,0,0,0,0,0,0,0,63.99183572,-22.60542625,146.216095,0.107389,5.244176,180.01181,5.673946,2.613548,0.064768,0.000006,7.77397,281.119141,-106.776207,12,40,0,0,-99.999855,-100,146.216095,0.000021,0.000268,283.232483,167.503357,-0.018584,-2.485953,-1609.617065,0
0,0,0,0,0,0,0,0,0,0,0,0,0,0,63.99183572,-22.60542625,146.216095,0.107529,5.244166,180.01181,4.920594,2.610421,0.040286,0.000004,7.753479,277.95462,-109.94072,12,40,0,0,-109.999855,-110,146.216095,0.00002,0.000134,283.232483,170.618149,-0.018602,-2.486751,-1615.254517,0
0,0,0,0,0,0,0,0,0,0,0,0,0,0,63.99183572,-22.60542625,146.216095,0.107669,5.244154,180.011826,4.165526,2.607747,0.026316,0.000002,7.747553,274.798218,-113.097145,12,40,0,0,-109.999855,-110,146.216095,0.00002,0.000034,283.232483,173.720566,-0.018625,-2.487503,-1620.122681,0
0,0,0,0,0,0,0,0,0,0,0,0,0,0,63.99183572,-22.60542625,146.216095,0.107788,5.244142,180.011841,3.517155,2.605816,0.019898,0.000002,7.805845,272.130646,-115.764709,12,40,0,0,-109.999855,-110,146.216095,0.000019,0,283.232483,176.3638,-0.018642,-2.488114,-1622.583374,0
0,0,0,0,0,0,0.2,0,0,0,0,0,0,0,63.99183572,-22.60542625,146.216095,0.107907,5.244128,180.011841,2.867884,2.604219,0.017624,0.000002,7.828063,269.440338,-118.454994,12,40,0,0,-119.999855,-120,146.216095,0.000019,-0.000034,283.232483,178.987045,-0.01866,-2.488694,-1625.780518,0
0,0,0,0,0,0,0.2,0,0,0,0,0,0,0,63.99183572,-22.60542625,146.216095,0.108006,5.244114,180.011856,2.326266,2.603144,0.018077,0.000002,7.834492,142.856232,-120.7817,12,40,0,0,-119.999855,-120,146.216095,0.000019,0.000034,283.232483,181.154373,-0.018671,-2.489157,-1631.668091,0
0,0,0,0,0,0,0.2,0,0,0,0,0,0,0,63.99183572,-22.60542625,146.216095,0.108046,5.244109,180.011856,2.109487,2.602779,0.017138,0.000002,7.76363,141.979218,-121.658714,12,40,0,0,-119.999855,-120,146.216095,0.000018,0.000034,283.232483,182.015869,-0.018678,-2.488029,-1631.745239,12.888187
0,0,0,0,0,0,0.2,0,0,0,0,0,0,0,63.99183572,-22.60542625,146.216095,0.10825,5.244058,180.011871,1.024699,2.60155,0.087538,0.00001,7.315411,137.11026,-126.527672,12,40,0,0,-119.999855,-120,146.216095,0.000018,0.00057,283.232483,186.269714,-0.018713,-2.45418,-1649.738159,71.543541
0,0,0,0,0,0,0.2,0,0,0,0,0,0,0,63.99183572,-22.60542625,146.216095,0.108355,5.243825,180.011887,0.26457,2.601321,0.106694,0.000028,7.547798,134.215134,-129.422806,12,40,0,0,-129.999863,-130,146.216095,0.000017,0.001979,283.232483,189.186508,-0.01875,-2.407028,-1641.737671,110.296143
0,0,0,0,0,0,0.2,0,0,0,0,0,0,0,63.99183572,-22.60542625,146.216095,0.108403,5.243386,180.011887,-0.387099,2.601515,0.104394,0.000046,7.736777,131.618607,-132.019318,12,40,0,0,-129.999863,-130,146.216095,0.000017,0.003422,283.232483,191.640869,-0.018778,-2.354499,-1639.950806,141.843536
0,0,0,0,0,0,0.2,0,0,0,0,0,0,0,63.99183572,-22.60542625,146.21611,0.108406,5.242688,180.011887,-1.038608,2.602051,0.102128,0.000066,7.804202,128.953278,-134.684662,12,40,0,0,-129.999863,-130,146.21611,0.000017,0.004998,283.232483,194.048721,-0.018803,-2.293005,-1640.987061,171.795303
0,0,0,0,0,0,0.2,0,0,0,0,0,0,0,63.99183572,-22.60542625,146.21611,0.108368,5.241727,180.011887,-1.689762,2.602922,0.100622,0.000085,7.858003,126.244186,-137.393738,11.95363,39.845436,0,0,-129.999863,-130,146.21611,0.000016,0.006575,283.232483,196.406235,-0.018825,-2.224434,-1643.703979,200.138062
0,0,0,0,0,0,0.2,0,0,0,0,0,0,0,63.99183572,-22.60542625,146.216125,0.108291,5.240511,180.011871,-2.340398,2.604122,0.099609,0.000103,7.824245,123.558731,-140.079208,11.807724,39.359081,0,0,-139.999863,-140,146.216125,0.000016,0.008017,283.232483,198.709732,-0.018843,-2.150486,-1645.278442,226.868134
0,0,0,0,0,0,0.2,0,0,0,0,0,0,0,63.99183572,-22.60542625,146.216141,0.108179,5.239059,180.011871,-2.990349,2.605647,0.098837,0.00012,7.83467,120.862061,-142.775879,11.617247,38.724155,0,0,-139.999863,-140,146.216141,0.000016,0.009326,283.232483,200.955719,-0.018857,-2.07268,-1647.185669,252.000046
0,0,0,0,0,0,0.2,0,0,0,0,0,0,0,63.99183572,-22.60542625,146.216156,0.108035,5.2374,180.011856,-3.63945,2.607493,0.098346,0.000134,7.838445,118.16143,-145.476501,11.408176,38.027252,0,0,-139.999863,-140,146.216156,0.000015,0.010466,283.232483,203.1409,-0.018866,-1.992362,-1649.11853,275.562958
0,0,0,0,0,0,0.2,0,0,0,0,0,0,0,63.99183572,-22.60542625,146.216171,0.107866,5.235566,180.011841,-4.287548,2.609656,0.097946,0.000145,7.869859,115.439888,-148.198044,11.182606,37.275352,0,0,-149.999863,-150,146.216171,0.000015,0.011405,283.232483,205.262131,-0.018869,-1.910713,-1651.769897,297.597626
0,0,0,0,0,0,0.2,0,0,0,0,0,0,0,63.99183572,-22.60542625,146.216202,0.107677,5.233593,180.01181,-4.934493,2.612137,0.097735,0.000154,7.82824,112.750008,-150.887924,10.942204,36.474014,0,0,-149.999863,-150,146.216202,0.000015,0.012143,283.232483,207.316483,-0.018868,-1.828762,-1652.973633,318.15387
0,0,0,0,0,0,0.2,0,0,0,0,0,0,0,63.99183572,-22.60542625,146.216217,0.107472,5.231518,180.011795,-5.580135,2.614934,0.097595,0.00016,7.835804,110.051743,-153.586182,10.6889,35.629665,0,0,-149.999863,-150,146.216217,0.000015,0.012714,283.232483,209.301224,-0.018862,-1.747388,-1654.421997,337.2883
0,0,0,0,0,0,0.2,0,0,0,0,0,0,0,63.99183572,-22.60542625,146.216232,0.107258,5.229374,180.01178,-6.224327,2.618047,0.097544,0.000163,7.838505,107.350525,-156.287415,10.424414,34.748039,0.000001,0,-149.999863,-150,146.216232,0.000014,0.012948,283.232483,211.213776,-0.018852,-1.667329,-1655.886841,355.062439
0,0,0,0,0,0,0.2,0,0,0,0,0,0,0,63.99183572,-22.60542625,146.216263,0.107038,5.227193,180.011765,-6.866923,2.621477,0.097594,0.000165,7.839328,104.648247,-158.989685,10.150365,33.834534,0.000004,0,-159.999863,-160,146.216263,0.000014,0.013083,283.232422,213.051819,-0.018838,-1.58919,-1657.29248,371.541138
0,0,0,0,0,0,0.2,0,0,0,0,0,0,0,63.99183572,-22.60542625,146.216278,0.106856,5.225368,180.011734,-7.401091,2.624577,0.097709,0.000165,7.766473,102.340683,-161.297241,9.916263,33.054176,0.00001,0,-159.999863,-160,146.216278,0.000014,0.013049,283.23233,214.525009,-0.018827,-1.52589,-1660.493042,384.33197
0,0,0,0,0,0,0.2,0,0,0,0,0,0,0,63.99183572,-22.60542625,146.216309,0.106602,5.222828,180.011719,-8.146739,2.629288,0.097948,0.000163,7.794135,99.136429,-164.501511,9.580522,31.934977,0.000029,0.000001,-159.999863,-160,146.216309,0.000013,0.012982,283.232086,216.495834,-0.018801,-1.440467,-1663.807617,400.880432
0,0,0,0,0,0,0.2,0,0,0,0,0,0,0,63.99183572,-22.60542625,146.216309,0.106497,5.221754,180.011703,-8.465472,2.631439,0.098088,0.000162,7.737278,97.749847,-165.888077,9.434494,31.448168,0.000044,0.000001,-159.999863,-160,146.216309,0.000013,0.012848,283.231873,217.307114,-0.018793,-1.405089,-1665.621582,407.510864
0,0,0,0,0,0,0.2,0,0,0,0,0,0,0,63.99183572,-22.60542625,146.216339,0.106229,5.21895,180.011688,-9.312817,2.637563,0.098504,0.000157,7.457793,93.987595,-169.650345,9.040928,30.136021,0.000123,0.000003,-169.999863,-170,146.216339,0.000013,0.012378,283.230713,219.370682,-0.018763,-1.314555,-1672.205078,423.91983
0,0,0,0,0,0,0.2,0,0,0,0,0,0,0,63.99183572,-22.60542625,146.216354,0.106036,5.21692,180.011658,-9.945692,2.642527,0.098968,0.000152,7.648665,91.479034,-172.15889,8.740376,29.133768,0.000247,0.000005,-169.999863,-170,146.216354,0.000013,0.012009,283.228943,220.821487,-0.018739,-1.250344,-1665.024414,435.096619
0,0,0,0,0,0,0.2,0,0,0,0,0,0,0,63.99183572,-22.60542625,146.216385,0.105856,5.214969,180.011642,-10.576113,2.647806,0.09965,0.000147,7.771597,88.844521,-174.793411,8.437853,28.124605,0.000474,0.00001,-169.999863,-170,146.216385,0.000012,0.01154,283.225677,222.187897,-0.018713,-1.189247,-1663.173096,445.38089
0,0,0,0,0,0,0.2,0,0,0,0,0,0,0,63.99183572,-22.60542625,146.2164,0.105667,5.212802,180.011627,-11.308354,2.654366,0.100595,0.00014,7.745043,85.661888,-177.976044,8.084043,26.943634,0.000959,0.000019,-179.999863,-180,146.2164,0.000012,0.010936,283.218689,223.673981,-0.018677,-1.121729,-1665.317017,456.331146
0,0,0,0,0,0,0.2,0,0,0,0,0,0,0,63.99183572,-22.60542625,146.216415,0.105523,5.211045,180.011612,-11.933076,2.66033,0.101518,0.000134,7.795828,83.001915,-180.636017,7.780729,25.930193,0.001681,0.000034,-179.999863,-180,146.216415,0.000012,0.010399,283.208313,224.854202,-0.018649,-1.066916,-1664.42395,464.884491
0,0,0,0,0,0,0.2,0,0,0,0,0,0,0,63.99183571,-22.60542625,146.216431,0.105405,5.209517,180.011597,-12.503249,2.666074,0.102153,0.000128,7.786048,80.561829,-183.076096,7.503649,25.003113,0.002732,0.000055,-179.999863,-180,146.216431,0.000012,0.010198,283.193176,225.859634,-0.018621,-1.019027,-1663.700562,472.099243
0,0,0,0,0,0,0.2,0,0,0,0,0,0,0,63.99183571,-22.60542625,146.216461,0.105284,5.207816,180.011597,-13.173855,2.673204,0.1036,0.000121,7.846653,77.587143,-186.050781,7.178632,23.913233,0.00469,0.000095,-179.999863,-180,146.216461,0.000011,0.009527,283.164978,226.95311,-0.018593,-0.965193,-1666.422974,479.909973
0,0,0,0,0,0,0.2,0,0,0,0,0,0,0,63.99183571,-22.60542625,146.216461,0.105203,5.206757,180.011581,-13.584658,2.67799,0.1134,0.000168,7.810149,75.801254,-187.83667,6.977062,23.23554,0.006439,0.00013,-189.999863,-190,146.216461,0.000011,0.012378,283.139771,227.57486,-0.018606,-0.933489,-1666.254395,522.635864
0,0,0,0,0,0,0.2,0,0,0,0,0,0,0,63.99183571,-22.60542625,146.216507,0.104747,5.203321,180.011536,-14.298468,2.687495,0.105877,0.000359,7.762513,72.619919,-191.018005,6.593945,21.943239,0.01104,0.000223,-189.999863,-190,146.216507,0.000011,0.027306,283.073456,228.569016,-0.018685,-0.880506,-1668.016968,601.124817
0,0,0,0,0,0,0.2,0,0,0,0,0,0,0,63.99183571,-22.60542625,146.216568,0.103935,5.197834,180.011475,-14.905274,2.696114,0.100392,0.00053,7.808518,69.945297,-193.692642,6.237915,20.735186,0.017465,0.000352,-189.999863,-190,146.216568,0.000035,0.041328,282.980743,229.326111,-0.018746,-0.837508,-1667.493042,661.542358
0,0,0,0,0,0,0.2,0,0,0,0,0,0,0,63.99183571,-22.60542624,146.216644,0.102801,5.190066,180.011368,-15.508283,2.704855,0.097271,0.000667,7.826205,67.252266,-196.385666,5.866507,19.463465,0.027633,0.000554,-189.999863,-190,146.216644,0.000106,0.052733,282.833771,229.995697,-0.018761,-0.796625,-1667.710083,715.294495
0,0,0,0,0,0,0.2,0,0,0,0,0,0,0,63.99183571,-22.60542624,146.216736,0.101446,5.180526,180.011246,-16.108057,2.713617,0.095281,0.000759,7.8322,64.552765,-199.085159,5.488414,18.150013,0.043671,0.00087,-199.999863,-200,146.216736,0.000191,0.06065,282.601471,230.578186,-0.018726,-0.757747,-1668.158325,762.36499
0,0,0,0,0,0,0.2,0,0,0,0,0,0,0,63.99183571,-22.60542624,146.216843,0.099966,5.169843,180.011108,-16.704847,2.722389,0.09388,0.000806,7.834004,61.850986,-201.786942,5.112793,16.814938,0.068719,0.001357,-199.999863,-200,146.216843,0.000285,0.064776,282.237732,231.074173,-0.018646,-0.720775,-1668.660156,802.938354
0,0,0,0,0,0,0.2,0,0,0,0,0,0,0,63.9918357,-22.60542624,146.216949,0.098445,5.15871,180.010971,-17.295486,2.73169,0.082978,0.000799,7.834373,59.148396,-204.489532,4.752732,15.487117,0.107226,0.002095,-199.999863,-200,146.216949,0.000383,0.064272,281.676727,231.484375,-0.018527,-0.68561,-1669.155029,837.33728
0,0,0,0,0,0,0.2,0,0,0,0,0,0,0,63.9918357,-22.60542624,146.217056,0.096934,5.149384,180.010757,-17.863234,2.744287,0.042835,0.000683,7.83514,56.445507,-207.192429,4.424339,14.201229,0.164926,0.003187,-199.999863,-200,146.217056,0.00052,0.052397,280.833069,231.809692,-0.018286,-0.652176,-1669.623535,865.973694
0,0,0,0,0,0,0.2,0,0,0,0,0,0,0,63.99183569,-22.60542624,146.217133,0.095538,5.143006,180.010605,-18.401709,2.760025,0.022241,0.000611,7.824395,53.728714,-209.90921,4.136312,12.962392,0.249022,0.004756,-209.999863,-210,146.217133,0.00076,0.044045,279.598755,232.051163,-0.01792,-0.620366,-1670.601074,889.312317
0,0,0,0,0,0,0.2,0,0,0,0,0,0,0,63.99183569,-22.60542624,146.217194,0.094266,5.138975,180.010391,-18.918383,2.77845,0.014176,0.000615,7.83061,51.034569,-212.603363,3.898368,11.774044,0.36824,0.006951,-209.999863,-210,146.217194,0.001158,0.03747,277.841095,232.209991,-0.017615,-0.590115,-1670.626221,907.843872
0,0,0,0,0,0,0.2,0,0,0,0,0,0,0,63.99183567,-22.60542624,146.217255,0.093129,5.136586,180.010162,-19.414064,2.799023,0.010636,0.000667,7.826882,48.320816,-215.317108,3.721256,10.639024,0.53253,0.009936,-209.999863,-210,146.217255,0.001756,0.034719,275.405487,232.287506,-0.017254,-0.561342,-1671.40918,922.063782
0,0,0,0,0,0,0.2,0,0,0,0,0,0,0,63.99183565,-22.60542624,146.2173,0.092148,5.135286,180.009918,-19.891403,2.821265,0.009063,0.000768,7.823901,45.61393,-218.024002,3.615943,9.559453,0.752271,0.01388,-219.999863,-220,146.2173,0.002585,0.033478,272.124023,232.285141,-0.016821,-0.533973,-1671.869995,932.45813
0,0,0,0,0,0,0.2,0,0,0,0,0,0,0,63.99183562,-22.60542624,146.217361,0.091332,5.134675,180.009613,-20.353783,2.844755,0.008207,0.000891,7.82557,42.909451,-220.728485,3.592265,8.536999,1.036845,0.018931,-219.999863,-220,146.217361,0.003668,0.039382,267.832825,232.204498,-0.016236,-0.507949,-1672.201782,939.492859
0,0,0,0,0,0,0.2,0,0,0,0,0,0,0,63.99183559,-22.60542624,146.217438,0.090686,5.134459,180.009277,-20.803167,2.869094,0.007797,0.001042,7.829028,40.205811,-223.432114,3.656731,7.57289,1.392418,0.02518,-219.999863,-220,146.217438,0.005017,0.041227,262.400391,232.047287,-0.015508,-0.483198,-1672.473511,943.607361
0,0,0,0,0,0,0.2,0,0,0,0,0,0,0,63.99183555,-22.60542624,146.217499,0.090207,5.134452,180.008896,-21.242247,2.893949,0.007378,0.001176,7.833168,37.50246,-226.135468,3.809656,6.667956,1.819053,0.032616,-219.999863,-220,146.217499,0.006639,0.049445,255.767532,231.815338,-0.014728,-0.459657,-1672.710327,945.209839
0,0,0,0,0,0,0.2,0,0,0,0,0,0,0,63.9918355,-22.60542624,146.21759,0.089876,5.134535,180.008499,-21.673487,2.919038,0.007234,0.00134,7.849883,34.812992,-228.824936,4.042062,5.822628,2.307595,0.041072,-229.999863,-230,146.21759,0.008531,0.051592,247.994949,231.510574,-0.01393,-0.437267,-1672.38208,944.675903
0,0,0,0,0,0,0.2,0,0,0,0,0,0,0,63.99183545,-22.60542624,146.217682,0.08968,5.134602,180.008072,-22.09868,2.944115,0.007182,0.001513,7.89291,32.095097,-231.542831,4.333393,5.036944,2.837368,0.050194,-229.999863,-230,146.217682,0.010688,0.055349,239.308044,231.13504,-0.013129,-0.415971,-1673.197144,942.346985
0,0,0,0,0,0,0.2,0,0,0,0,0,0,0,63.99183539,-22.60542624,146.217773,0.089621,5.134624,180.007645,-22.519852,2.968988,0.00707,0.001666,7.888309,29.382288,-234.255646,4.651541,4.310601,3.376195,0.059445,-229.999863,-230,146.217773,0.013098,0.061521,230.120285,230.690903,-0.012336,-0.395714,-1673.773926,938.531982
0,0,0,0,0,0,0.2,0,0,0,0,0,0,0,63.99183532,-22.60542624,146.21788,0.089679,5.134563,180.007187,-22.938189,2.993492,0.007033,0.001825,7.856484,26.69964,-236.938293,4.956713,3.643052,3.884249,0.068171,-229.999863,-230,146.21788,0.015746,0.068901,221.011581,230.180374,-0.011569,-0.376447,-1673.095093,933.50769
0,0,0,0,0,0,0.2,0,0,0,0,0,0,0,63.99183525,-22.60542624,146.218002,0.089833,5.134408,180.006729,-23.35531,3.01751,0.006991,0.001972,7.87276,24.003656,-239.634277,5.209507,3.033642,4.322135,0.075734,-239.999863,-240,146.218002,0.018616,0.072055,212.643677,229.605774,-0.010841,-0.358122,-1672.968384,927.520447
0,0,0,0,0,0,0.2,0,0,0,0,0,0,0,63.99183517,-22.60542624,146.218124,0.090077,5.134152,180.00621,-23.772058,3.040945,0.006974,0.002116,7.868574,21.289188,-242.34874,5.381415,2.48181,4.661376,0.081682,-239.999863,-240,146.218124,0.021686,0.077757,205.617142,228.969528,-0.01016,-0.340698,-1673.564331,920.78833
0,0,0,0,0,0,0.2,0,0,0,0,0,0,0,63.99183508,-22.60542624,146.218262,0.090392,5.133806,180.005661,-24.18939,3.063586,0.006948,0.002246,5.437839,19.822098,-243.815826,5.463358,1.98726,4.892946,0.085888,-239.999863,-240,146.218262,0.024937,0.085036,200.31076,228.274124,-0.009529,-0.324131,-1624.604126,913.509766
0,0,0,0,0,0,0.2,0,0,0,0,0,0,0,63.991835,-22.60542624,146.218399,0.090734,5.133414,180.005081,-24.568951,3.083624,0.006925,0.002354,4.013977,19.326275,-244.311661,5.469419,1.584231,5.020666,0.088387,-239.999863,-240,146.218399,0.028057,0.085473,197.0065,227.586853,-0.008943,-0.309659,-1546.0802,906.504883
0,0,0,0,0,0,0.2,0,0,0,0,0,0,0,63.99183489,-22.60542624,146.218552,0.091174,5.132874,180.004425,-25.027893,3.106738,0.006865,0.002457,3.22932,19.110708,-244.527222,5.419658,1.170088,5.095674,0.090138,-239.999863,-240,146.218552,0.031892,0.095368,194.740936,226.716034,-0.008403,-0.293402,-1438.145386,897.972412
0,0,0,0,0,0,0.2,0,0,0,0,0,0,0,63.9918348,-22.60542624,146.218704,0.091589,5.132364,180.003799,-25.410789,3.125447,0.006915,0.00257,2.961627,19.042358,-244.595566,5.355162,0.872436,5.120737,0.091021,-239.999863,-240,146.218704,0.035243,0.091142,193.810852,225.931992,-0.00791,-0.280317,-1341.901245,890.649231
0,0,0,0,0,0,0.2,0,0,0,0,0,0,0,63.9918347,-22.60542624,146.218857,0.092064,5.131769,180.003128,-25.834953,3.145277,0.006922,0.002665,2.848858,19.00918,-244.628754,5.282816,0.602891,5.129461,0.091705,-239.999863,-240,146.218857,0.038989,0.096274,193.387512,225.029922,-0.007462,-0.266717,-1234.996826,882.654724
0,0,0,0,0,0,0.2,0,0,0,0,0,0,0,63.99183458,-22.60542624,146.21904,0.0926,5.131098,180.00238,-26.301167,3.16608,0.0069,0.002743,2.809323,18.99058,-244.647354,5.216043,0.375671,5.131044,0.092339,-239.999863,-240,146.21904,0.043128,0.103151,193.247589,224.000763,-0.007052,-0.252737,-1118.320923,874.089905
0,0,0,0,0,0,0.2,0,0,0,0,0,0,0,63.99183448,-22.60542624,146.219193,0.093065,5.130507,180.001724,-26.690868,3.182876,0.006927,0.002818,2.798381,18.980072,-244.657867,5.173602,0.235776,5.130724,0.09285,-239.999863,-240,146.219193,0.046678,0.101406,193.219559,223.090286,-0.006694,-0.241485,-1019.309265,866.990417
0,0,0,0,0,0,0.2,0,0,0,0,0,0,0,63.99183436,-22.60542624,146.219391,0.093605,5.129799,180.000961,-27.162369,3.202267,0.006883,0.002864,2.795437,18.969364,-244.668564,5.141572,0.131903,5.130029,0.093423,-239.999863,-240,146.219391,0.050909,0.107679,193.212952,221.970612,-0.006373,-0.228841,-902.195984,858.844543
-0.007828,-0.031754,0,0,0,0,0.059525,0,0,0,0,0,0,0,63.99183425,-22.60542624,146.219559,0.094166,5.129895,180.000259,-27.609688,3.217837,0.006612,0.002777,2.793679,18.960297,-244.677628,5.130071,0.094832,5.129816,0.093982,-239.999863,-240,146.219559,0.054816,0.102513,193.21167,220.89801,-0.006068,-0.217757,-794.041077,819.71228
-0.007828,-0.031754,0,0,0,0,0.142855,0,0,0,0,0,0,0,63.99183413,-22.60542624,146.219727,0.094991,5.129937,179.999634,-27.749744,3.219979,0.006646,0.002772,2.789837,18.95158,-244.686356,5.129969,0.09477,5.129969,0.09477,-239.999863,-240,146.219727,0.058649,0.102413,193.210938,219.790863,-0.005861,-0.207193,-685.866333,797.285339
-0.007828,-0.031754,0,0,0,0,0.226184,0,0,0,0,0,0,0,63.99183402,-22.60542624,146.219894,0.095884,5.129482,179.999069,-27.77293,3.217442,0.006701,0.002764,2.785441,18.943325,-244.694611,5.129585,0.095702,5.129585,0.095702,-239.999863,-240,146.219894,0.062358,0.10352,193.210327,218.652054,-0.005813,-0.197139,-577.656738,791.471863
-0.007828,-0.031754,0,0,0,0,0.246021,0,0,0,0,0,0,0,63.99183391,-22.60542624,146.220062,0.096646,5.12893,179.99852,-27.801336,3.214389,0.006742,0.002742,2.782051,18.935198,-244.702728,5.129038,0.096505,5.129038,0.096505,-239.999863,-240,146.220062,0.065932,0.099763,193.209763,217.484467,-0.005837,-0.187576,-469.446411,786.585083
-0.007828,-0.031754,0,0,0,0,0.269841,0,0,0,0,0,0,0,63.9918338,-22.60542624,146.220215,0.097256,5.128382,179.997955,-27.833647,3.210934,0.006758,0.002705,2.777578,18.927151,-244.710785,5.128487,0.097144,5.128487,0.097144,-239.999863,-240,146.220215,0.069364,0.101943,193.209213,216.290985,-0.005888,-0.178485,-361.244812,783.103455
-0.007828,-0.031754,0,0,0,0,0.293645,0,0,0,0,0,0,0,63.99183369,-22.60542624,146.220383,0.097731,5.127878,179.997406,-27.868349,3.207216,0.006728,0.002646,2.773748,18.919083,-244.718842,5.127974,0.097643,5.127974,0.097643,-239.999863,-240,146.220383,0.072648,0.098387,193.208649,215.074509,-0.005958,-0.169841,-253.090256,781.182373
-0.007828,-0.031754,0,0,0,0,0.309514,0,0,0,0,0,0,0,63.99183359,-22.60542624,146.220535,0.098065,5.127492,179.996902,-27.89809,3.203622,0.006799,0.002629,2.768959,18.911804,-244.72612,5.127571,0.097994,5.127571,0.097994,-239.999863,-240,146.220535,0.075528,0.092886,193.208145,213.941635,-0.006047,-0.162289,-153.979004,780.884888
-0.007828,-0.031754,0,0,0,0,0.309514,0,0,0,0,0,0,0,63.99183349,-22.60542624,146.220688,0.098326,5.127165,179.996353,-27.933468,3.199843,0.006763,0.002567,2.764575,18.903791,-244.734146,5.127223,0.098274,5.127223,0.098274,-239.999863,-240,146.220688,0.07853,0.094328,193.207611,212.689056,-0.006135,-0.154439,-46.086323,782.181274
-0.007828,-0.031754,0,0,0,0,0.309514,0,0,0,0,0,0,0,63.99183338,-22.60542624,146.22084,0.098488,5.126966,179.995819,-27.966923,3.196256,0.006785,0.00253,2.760514,18.895741,-244.742188,5.126998,0.098454,5.126998,0.098454,-239.999863,-240,146.22084,0.081391,0.091779,193.207062,211.421783,-0.006221,-0.146976,-10.442424,784.984436
-0.007828,-0.031754,0,0,0,0,0.309514,0,0,0,0,0,0,0,63.99183327,-22.60542624,146.221008,0.098573,5.126894,179.995255,-28.002718,3.192833,0.006748,0.002472,2.757128,18.886932,-244.751007,5.126899,0.09856,5.126899,0.09856,-239.999863,-240,146.221008,0.084341,0.093389,193.206497,210.035568,-0.006304,-0.139304,-14.454728,789.423584
-0.007828,-0.031754,0,0,0,0,0.309514,0,0,0,0,0,0,0,63.99183317,-22.60542624,146.221161,0.098577,5.126966,179.99472,-28.028574,3.190051,0.006763,0.002442,2.753425,18.878922,-244.759003,5.126945,0.098578,5.126945,0.098578,-239.999863,-240,146.221161,0.086939,0.092047,193.205948,208.746643,-0.006383,-0.132584,-14.173949,794.563599
-0.007828,-0.031754,0,0,0,0,0.317449,0,0,0,0,0,0,0,63.99183308,-22.60542624,146.221298,0.098526,5.12714,179.994202,-28.04475,3.187876,0.006823,0.002437,2.751254,18.871639,-244.766296,5.1271,0.098534,5.1271,0.098534,-239.999863,-240,146.221298,0.089227,0.087418,193.205444,207.559647,-0.006445,-0.126713,-10.636775,799.971497
-0.007828,-0.031754,0,0,0,0,0.35317,0,0,0,0,0,0,0,63.99183298,-22.60542624,146.221451,0.098391,5.127469,179.993637,-28.064232,3.186161,0.006829,0.002417,2.748835,18.86285,-244.775085,5.127409,0.098414,5.127409,0.098414,-239.999863,-240,146.221451,0.091831,0.087686,193.204865,206.153,-0.006489,-0.12012,-14.244247,807.176697
-0.007828,-0.031754,0,0,0,0,0.392844,0,0,0,0,0,0,0,63.99183289,-22.60542624,146.221588,0.098236,5.127841,179.993103,-28.068886,3.185175,0.006836,0.002409,2.747467,18.855597,-244.782333,5.127766,0.098263,5.127766,0.098263,-239.999863,-240,146.221588,0.093964,0.084332,193.204346,204.961868,-0.006516,-0.114813,-10.31526,814.170898
-0.007828,-0.031754,0,0,0,0,0.412695,0,0,0,0,0,0,0,63.99183279,-22.60542624,146.221741,0.098016,5.128355,179.992538,-28.069769,3.184983,0.006802,0.002396,2.747115,18.847519,-244.790421,5.128262,0.09805,5.128262,0.09805,-239.999863,-240,146.221741,0.096237,0.087519,193.203781,203.664001,-0.006524,-0.1093,-10.532189,823.222351
-0.007828,-0.031754,0,0,0,0,0.4365,0,0,0,0,0,0,0,63.9918327,-22.60542624,146.221878,0.097744,5.128985,179.991943,-28.06122,3.185775,0.006826,0.002415,2.747792,18.839464,-244.798462,5.128874,0.097787,5.128874,0.097787,-239.999863,-240,146.221878,0.098473,0.086076,193.203186,202.370209,-0.006507,-0.104062,-10.510869,833.949402
-0.007828,-0.031754,0,0,0,0,0.460304,0,0,0,0,0,0,0,63.99183259,-22.60542624,146.222046,0.09738,5.129823,179.991287,-28.042645,3.188065,0.006819,0.002442,2.750689,18.830647,-244.807281,5.129688,0.097437,5.129688,0.097437,-239.999863,-240,146.222046,0.100882,0.091645,193.20253,200.976105,-0.006461,-0.098684,-14.365671,847.58374
-0.007828,-0.031754,0,0,0,0,0.484123,0,0,0,0,0,0,0,63.9918325,-22.60542624,146.222183,0.097021,5.130681,179.990662,-28.008759,3.191087,0.006844,0.002493,2.753372,18.823378,-244.81456,5.130526,0.097081,5.130526,0.097081,-239.999863,-240,146.222183,0.102937,0.089599,193.20192,199.804779,-0.006375,-0.09436,-10.405237,860.751282
-0.007828,-0.031754,0,0,0,0,0.496025,0,0,0,0,0,0,0,63.99183239,-22.60542624,146.222336,0.096509,5.131883,179.989914,-27.959799,3.196612,0.00683,0.00256,2.759617,18.814611,-244.823318,5.131704,0.096583,5.131704,0.096583,-239.999863,-240,146.222336,0.105423,0.094597,193.201172,198.432922,-0.006241,-0.089515,-14.170712,878.2724
-0.007828,-0.031754,0,0,0,0,0.50782,0,0,0,0,0,0,0,63.9918323,-22.60542624,146.222488,0.096008,5.133071,179.989197,-27.896904,3.202656,0.006873,0.002658,2.766229,18.807375,-244.830551,5.132872,0.096086,5.132872,0.096086,-239.999863,-240,146.222488,0.107606,0.093322,193.200455,197.284653,-0.006055,-0.085624,-10.258917,881.483765
-0.007828,-0.031754,0,0,0,0,0.515633,0,0,0,0,0,0,0,63.99183219,-22.60542624,146.222641,0.095631,5.1339,179.988449,-27.85928,3.205991,0.006733,0.002649,2.771131,18.799314,-244.838623,5.13384,0.095655,5.13384,0.095655,-239.999863,-240,146.222641,0.110064,0.092047,193.199692,196.047241,-0.005732,-0.081568,-10.470498,832.745728
-0.007828,-0.031754,0,0,0,0,0.523445,0,0,0,0,0,0,0,63.99183208,-22.60542624,146.222809,0.095815,5.133419,179.987808,-27.860538,3.205215,0.006761,0.002653,2.771052,18.791285,-244.846649,5.133543,0.095758,5.133543,0.095758,-239.999863,-240,146.222809,0.112503,0.094496,193.199036,194.827774,-0.005532,-0.077678,-10.437716,801.110474
-0.007828,-0.031754,0,0,0,0,0.523445,0,0,0,0,0,0,0,63.99183197,-22.60542624,146.222992,0.096286,5.132345,179.987183,-27.866261,3.205035,0.006876,0.002695,2.77057,18.782534,-244.855392,5.132464,0.096229,5.132464,0.096229,-239.999863,-240,146.222992,0.115067,0.102782,193.19841,193.529327,-0.005559,-0.073669,-14.145472,834.917725
-0.007828,-0.031754,0,0,0,0,0.531258,0,0,0,0,0,0,0,63.99183187,-22.60542624,146.223145,0.096404,5.132186,179.986542,-27.839033,3.20769,0.00696,0.002765,2.773387,18.77527,-244.862656,5.132173,0.096396,5.132173,0.096396,-239.999863,-240,146.223145,0.117221,0.097414,193.1978,192.450851,-0.005599,-0.070462,-10.575953,864.294373
-0.007828,-0.031754,0,0,0,0,0.531258,0,0,0,0,0,0,0,63.99183175,-22.60542624,146.223328,0.096081,5.133028,179.985703,-27.779959,3.21473,0.006887,0.002827,2.780319,18.766508,-244.871429,5.132868,0.096143,5.132868,0.096143,-239.999863,-240,146.223328,0.119832,0.10466,193.19696,191.202301,-0.005539,-0.066891,-14.177987,899.388611
-0.007828,-0.031754,0,0,0,0,0.531258,0,0,0,0,0,0,0,63.99183164,-22.60542624,146.22348,0.095493,5.13446,179.984848,-27.691193,3.223663,0.006931,0.002966,2.790291,18.759264,-244.878662,5.134214,0.095588,5.134214,0.095588,-239.999863,-240,146.22348,0.122164,0.103419,193.196136,190.169479,-0.005318,-0.064041,-10.469563,928.916077
-0.007828,-0.031754,0,0,0,0,0.539071,0,0,0,0,0,0,0,63.99183152,-22.60542624,146.223663,0.094592,5.136605,179.983765,-27.564747,3.236931,0.006915,0.003136,2.804927,18.751245,-244.886688,5.136297,0.094712,5.136297,0.094712,-239.999863,-240,146.223663,0.124912,0.10778,193.195084,189.069107,-0.004945,-0.061113,-10.641923,960.545715
-0.007828,-0.031754,0,0,0,0,0.539071,0,0,0,0,0,0,0,63.99183138,-22.60542624,146.223877,0.093366,5.139443,179.982346,-27.403851,3.255817,0.006864,0.003356,2.825458,18.742464,-244.895462,5.139097,0.09352,5.139097,0.09352,-239.999863,-240,146.223877,0.128214,0.122875,193.19368,187.909912,-0.004649,-0.058154,-14.30008,993.852905
-0.007828,-0.031754,0,0,0,0,0.539071,0,0,0,0,0,0,0,63.99183126,-22.60542624,146.224075,0.092229,5.14215,179.980896,-27.221773,3.27466,0.006915,0.003633,2.845917,18.735243,-244.902695,5.141785,0.092375,5.141785,0.092375,-239.999863,-240,146.224075,0.131342,0.127739,193.192276,186.957184,-0.003764,-0.055805,-10.253819,1020.963318
-0.007828,-0.031754,0,0,0,0,0.539071,0,0,0,0,0,0,0,63.99183111,-22.60542624,146.224304,0.090882,5.145325,179.979065,-27.003593,3.298965,0.006928,0.003961,2.872938,18.727278,-244.91066,5.144953,0.09103,5.144953,0.09103,-239.999863,-240,146.224304,0.135175,0.139782,193.190475,185.948624,-0.002628,-0.053412,-10.235146,1049.167358
-0.007828,-0.031754,0,0,0,0,0.546883,0,0,0,0,0,0,0,63.99183093,-22.60542624,146.224564,0.089345,5.148931,179.976822,-26.744286,3.329547,0.006891,0.004337,2.907007,18.718605,-244.919327,5.148562,0.089505,5.148562,0.089505,-239.999863,-240,146.224564,0.139902,0.160915,193.188248,184.893814,-0.001335,-0.051,-13.94947,1077.8927
-0.007828,-0.031754,0,0,0,0,0.558602,0,0,0,0,0,0,0,63.99183076,-22.60542624,146.224823,0.088046,5.152038,179.974625,-26.485909,3.358114,0.00695,0.004754,2.938826,18.711418,-244.926514,5.151676,0.088189,5.151676,0.088189,-239.999863,-240,146.224823,0.14443,0.165913,193.186096,184.033112,0.000024,-0.049103,-10.076233,1100.719238
-0.007828,-0.031754,0,0,0,0,0.58204,0,0,0,0,0,0,0,63.99183055,-22.60542623,146.225143,0.08648,5.155712,179.97171,-26.175858,3.396075,0.006886,0.005202,2.98138,18.702747,-244.935181,5.155361,0.086631,5.155361,0.086631,-239.999863,-240,146.225143,0.150474,0.194225,193.183212,183.054871,0.001552,-0.047027,-14.003305,1126.310059
-0.007828,-0.031754,0,0,0,0,0.589853,0,0,0,0,0,0,0,63.99183033,-22.60542623,146.225479,0.085065,5.159081,179.968628,-25.860603,3.434313,0.006889,0.0057,3.023579,18.694952,-244.942978,5.158742,0.085211,5.158742,0.085211,-239.999863,-240,146.225479,0.15678,0.212004,193.180145,182.190414,0.003163,-0.045272,-13.62663,1148.984619
-0.007828,-0.031754,0,0,0,0,0.589853,0,0,0,0,0,0,0,63.99183012,-22.60542623,146.225815,0.083778,5.162137,179.965424,-25.533493,3.47158,0.006902,0.006203,3.065876,18.68783,-244.950104,5.161813,0.083908,5.161813,0.083908,-239.999863,-240,146.225815,0.163225,0.225724,193.176987,181.431351,0.004798,-0.043805,-10.077765,1168.971802
-0.007828,-0.031754,0,0,0,0,0.605478,0,0,0,0,0,0,0,63.99182986,-22.60542623,146.226212,0.082426,5.165424,179.961349,-25.194958,3.51629,0.006951,0.006826,3.114426,18.680019,-244.957916,5.165109,0.082528,5.165109,0.082528,-239.999863,-240,146.226212,0.171029,0.239645,193.172989,180.640503,0.005811,-0.04236,-9.682403,1189.902466
-0.007828,-0.031754,0,0,0,0,0.613291,0,0,0,0,0,0,0,63.99182956,-22.60542623,146.226669,0.080973,5.168918,179.956375,-24.814463,3.568348,0.006912,0.007455,3.172247,18.671469,-244.966461,5.168618,0.081099,5.168618,0.081099,-239.999863,-240,146.226669,0.180451,0.27537,193.168076,179.828445,0.006308,-0.040976,-13.818762,1211.713867
-0.007828,-0.031754,0,0,0,0,0.621103,0,0,0,0,0,0,0,63.99182928,-22.60542623,146.227112,0.079845,5.171815,179.951889,-24.446857,3.614268,0.006927,0.008072,3.222779,18.664469,-244.973465,5.171528,0.079967,5.171528,0.079967,-239.999863,-240,146.227112,0.189255,0.288755,193.163605,179.178253,0.007125,-0.039908,-20.787134,1229.64624
-0.007828,-0.031754,0,0,0,0,0.636728,0,0,0,0,0,0,0,63.99182891,-22.60542623,146.227661,0.078404,5.175181,179.945618,-24.053484,3.673428,0.006894,0.008782,3.287682,18.656023,-244.981903,5.174904,0.07853,5.174904,0.07853,-239.999863,-240,146.227661,0.200694,0.327801,193.157425,178.454178,0.008554,-0.038862,-10.65472,1250.272705
-0.007828,-0.031754,0,0,0,0,0.664073,0,0,0,0,0,0,0,63.99182855,-22.60542623,146.228226,0.077127,5.178229,179.939194,-23.658754,3.730629,0.006898,0.009517,3.349934,18.648445,-244.989487,5.177961,0.07728,5.177961,0.07728,-239.999863,-240,146.228226,0.212295,0.353933,193.151077,177.828934,0.009627,-0.038054,-9.576578,1268.916626
-0.007828,-0.031754,0,0,0,0,0.68751,0,0,0,0,0,0,0,63.99182819,-22.60542622,146.228775,0.076099,5.180981,179.93251,-23.247986,3.784632,0.00693,0.010268,3.410408,18.641535,-244.996399,5.180722,0.076178,5.180722,0.076178,-239.999863,-240,146.228775,0.223846,0.364801,193.14447,177.292542,0.011117,-0.037476,-16.804178,1286.159302
-0.007828,-0.031754,0,0,0,0,0.703136,0,0,0,0,0,0,0,63.99182777,-22.60542622,146.229431,0.074905,5.183967,179.924408,-22.837339,3.847963,0.006929,0.011074,3.479174,18.633945,-245.003983,5.183712,0.074985,5.183712,0.074985,-239.999863,-240,146.229431,0.237489,0.395763,193.136444,176.747742,0.01335,-0.037006,-16.054193,1305.724976
-0.007828,-0.031754,0,0,0,0,0.722667,0,0,0,0,0,0,0,63.99182732,-22.60542622,146.230133,0.073658,5.186975,179.915405,-22.426956,3.914999,0.006932,0.011928,3.551724,18.626425,-245.011505,5.186722,0.073736,5.186722,0.073736,-249.999863,-250,146.230133,0.252266,0.431992,193.127548,176.24527,0.014448,-0.036706,-13.337512,1326.263916
-0.007828,-0.031754,0,0,0,0,0.738293,0,0,0,0,0,0,0,63.99182683,-22.60542622,146.230881,0.072376,5.190063,179.905457,-21.998032,3.985465,0.006919,0.012799,3.627496,18.618948,-245.018982,5.189808,0.072482,5.189808,0.072482,-249.999863,-250,146.230881,0.268227,0.464262,193.117676,175.785294,0.014907,-0.036585,-11.058045,1347.995605
-0.007828,-0.031754,0,0,0,0,0.761715,0,0,0,0,0,0,0,63.99182626,-22.60542622,146.231766,0.070881,5.19354,179.893265,-21.573797,4.067734,0.006895,0.013772,3.715338,18.610796,-245.02713,5.193277,0.071051,5.193277,0.071051,-249.999863,-250,146.231766,0.286918,0.513741,193.105591,175.334991,0.017231,-0.036681,-10.771151,1372.913696
-0.007828,-0.031754,0,0,0,0,0.785153,0,0,0,0,0,0,0,63.99182574,-22.60542621,146.232574,0.069806,5.196625,179.881866,-21.134592,4.139278,0.006925,0.014744,3.792518,18.604164,-245.033768,5.196353,0.069899,5.196353,0.069899,-249.999863,-250,146.232574,0.303927,0.530379,193.094284,174.992905,0.018961,-0.036941,-16.299778,1395.310547
-0.007828,-0.031754,0,0,0,0,0.792966,0,0,0,0,0,0,0,63.99182509,-22.60542621,146.233582,0.068085,5.200494,179.866776,-20.665789,4.23061,0.0069,0.015828,3.890012,18.596193,-245.041733,5.200212,0.068236,5.200212,0.068236,-249.999863,-250,146.233582,0.325511,0.585259,193.079346,174.634521,0.019543,-0.037508,-16.118988,1423.52832
-0.007828,-0.031754,0,0,0,0,0.792966,0,0,0,0,0,0,0,63.9918245,-22.6054262,146.234497,0.066824,5.203971,179.852417,-20.224442,4.311533,0.006947,0.016959,3.977161,18.589663,-245.048264,5.203677,0.066894,5.203677,0.066894,-249.999863,-250,146.234497,0.345095,0.604547,193.065125,174.369919,0.024515,-0.038221,-20.436039,1448.601929
-0.007828,-0.031754,0,0,0,0,0.82031,0,0,0,0,0,0,0,63.99182375,-22.6054262,146.235672,0.064904,5.208357,179.833633,-19.757229,4.414793,0.006893,0.018097,4.085681,18.58181,-245.056122,5.208052,0.065071,5.208052,0.065071,-249.999863,-250,146.235672,0.369885,0.680795,193.046478,174.102554,0.028926,-0.039328,-20.18362,1479.238281
-0.007828,-0.031754,0,0,0,0,0.835935,0,0,0,0,0,0,0,63.99182307,-22.60542619,146.23671,0.063392,5.212302,179.815857,-19.282078,4.505385,0.006946,0.01938,4.183118,18.575405,-245.062531,5.211983,0.06348,5.211983,0.06348,-249.999863,-250,146.23671,0.392328,0.692401,193.028854,173.914352,0.034684,-0.04054,-13.866126,1506.129761
-0.007828,-0.031754,0,0,0,0,0.843748,0,0,0,0,0,0,0,63.99182228,-22.60542619,146.23793,0.061483,5.216853,179.79425,-18.812237,4.611561,0.006937,0.020672,4.294613,18.568369,-245.069565,5.216525,0.061584,5.216525,0.061584,-249.999863,-250,146.23793,0.418427,0.740471,193.007416,173.748398,0.039434,-0.042159,-20.433199,1536.586792
-0.007828,-0.031754,0,0,0,0,0.859373,0,0,0,0,0,0,0,63.99182144,-22.60542618,146.239243,0.05947,5.221676,179.770218,-18.346064,4.724421,0.006929,0.022039,4.413446,18.561434,-245.076492,5.221334,0.0596,5.221334,0.0596,-249.999863,-250,146.239243,0.4463,0.803066,192.983566,173.622971,0.038746,-0.044096,-16.389753,1567.887939
-0.007828,-0.031754,0,0,0,0,0.886717,0,0,0,0,0,0,0,63.99182046,-22.60542617,146.240753,0.05719,5.22719,179.741287,-17.827477,4.854049,0.006924,0.023618,4.549497,18.553877,-245.084061,5.226834,0.057337,5.226834,0.057337,-249.999863,-250,146.240753,0.478612,0.865158,192.954865,173.53215,0.034254,-0.046565,-15.29572,1602.463135
-0.007828,-0.031754,0,0,0,0,0.941405,0,0,0,0,0,0,0,63.99181958,-22.60542616,146.242126,0.055171,5.232094,179.714279,-17.382252,4.970084,0.006925,0.025046,4.670223,18.547791,-245.090134,5.231733,0.05532,5.231733,0.05532,-249.999863,-250,146.242126,0.507761,0.920037,192.928009,173.491287,0.029433,-0.048972,-18.081297,1632.452271
-0.007828,-0.031754,0,0,0,0,0.96875,0,0,0,0,0,0,0,63.99181856,-22.60542615,146.243713,0.05286,5.237693,179.681915,-16.89506,5.103816,0.006929,0.026699,4.810174,18.541134,-245.096802,5.23732,0.053014,5.23732,0.053014,-249.999863,-250,146.243713,0.541552,0.979781,192.895874,173.483597,0.024969,-0.051951,-10.670712,1666.511963
-0.007828,-0.031754,0,0,0,0,0.984375,0,0,0,0,0,0,0,63.99181738,-22.60542613,146.245544,0.050225,5.244085,179.643127,-16.365879,5.257657,0.006931,0.028587,4.970027,18.53393,-245.104004,5.243703,0.050383,5.243703,0.050383,-249.999863,-250,146.245544,0.580629,1.051768,192.857315,173.517822,0.020865,-0.055629,-19.249258,1704.86377
-0.007828,-0.031754,0,0,0,0,1,0,0,0,0,0,0,0,63.99181631,-22.60542612,146.247208,0.047873,5.249772,179.606995,-15.917784,5.395491,0.006932,0.03027,5.112693,18.528095,-245.109833,5.249378,0.048037,5.249378,0.048037,-249.999863,-250,146.247208,0.615808,1.112854,192.821426,173.580536,0.017063,-0.05914,-9.560534,1737.925659
-0.007828,-0.031754,0,0,0,0,1,0,0,0,0,0,0,0,63.99181497,-22.6054261,146.249283,0.044978,5.256815,179.559967,-15.389078,5.567743,0.006935,0.032379,5.291591,18.521086,-245.116852,5.256408,0.045145,5.256408,0.045145,-249.999863,-250,146.249283,0.660017,1.190107,192.774704,173.693497,0.013531,-0.063796,-17.919567,1777.054443
-0.007828,-0.031754,0,0,0,0,1,0,0,0,0,0,0,0,63.99181377,-22.60542608,146.25116,0.042441,5.263,179.516205,-14.943943,5.721549,0.006938,0.034261,5.450059,18.515503,-245.122421,5.262587,0.04261,5.262587,0.04261,-249.999863,-250,146.25116,0.699763,1.258841,192.731216,173.821075,0.010216,-0.068195,-19.051449,1809.738037
-0.007828,-0.031754,0,0,0,0,1,0,0,0,0,0,0,0,63.99181238,-22.60542605,146.253342,0.039613,5.26993,179.464005,-14.462255,5.897783,0.006942,0.036415,5.631648,18.509398,-245.12854,5.26952,0.03978,5.26952,0.03978,-249.999863,-250,146.253342,0.745684,1.338208,192.679276,173.992676,0.00708,-0.073504,-12.023958,1844.529663
-0.007828,-0.031754,0,0,0,0,1,0,0,0,0,0,0,0,63.99181065,-22.60542601,146.256042,0.03629,5.278156,179.39679,-13.907703,6.114418,0.006945,0.039049,5.854121,18.502275,-245.135651,5.277746,0.036454,5.277746,0.036454,-249.999863,-250,146.256042,0.80279,1.437937,192.612457,174.234222,0.003108,-0.080404,-20.016058,1883.547974
-0.007828,-0.031754,0,0,0,0,1,0,0,0,0,0,0,0,63.99180906,-22.60542597,146.258514,0.033456,5.285231,179.333389,-13.440702,6.309359,0.00695,0.04143,6.053894,18.496552,-245.141373,5.284828,0.033617,5.284828,0.033617,-249.999863,-250,146.258514,0.854893,1.523477,192.549393,174.475342,0.000224,-0.08695,-9.708883,1915.363037
-0.007828,-0.031754,0,0,0,0,1,0,0,0,0,0,0,0,63.99180738,-22.60542592,146.261139,0.030688,5.292252,179.264343,-12.982869,6.512568,0.006952,0.04389,6.262576,18.490932,-245.147003,5.291859,0.030842,5.291859,0.030842,-249.999863,-250,146.261139,0.91002,1.615927,192.480713,174.746658,-0.002612,-0.094097,-11.575914,1945.493652
-0.007828,-0.031754,0,0,0,0,1,0,0,0,0,0,0,0,63.99180561,-22.60542587,146.263916,0.028014,5.299136,179.189392,-12.53565,6.723729,0.006953,0.046437,6.478553,18.485424,-245.152512,5.298758,0.02816,5.298758,0.02816,-249.999863,-250,146.263916,0.968267,1.711798,192.406128,175.046906,-0.00545,-0.101861,-12.174927,1973.832397
-0.007828,-0.031754,0,0,0,0,1,0,0,0,0,0,0,0,63.99180373,-22.60542581,146.266861,0.025474,5.305824,179.108261,-12.100011,6.942473,0.006959,0.049097,6.702132,18.480082,-245.157852,5.305463,0.02561,5.305463,0.02561,-249.999863,-250,146.266861,1.02972,1.807536,192.325378,175.374771,-0.008323,-0.110249,-12.132288,2000.32251
-0.007828,-0.031754,0,0,0,0,1,0,0,0,0,0,0,0,63.99180175,-22.60542574,146.269974,0.023101,5.312262,179.020767,-11.67683,7.168401,0.006957,0.051793,6.93267,18.474897,-245.16304,5.311915,0.023227,5.311915,0.023227,-249.999863,-250,146.269974,1.094459,1.913437,192.238358,175.728897,-0.011266,-0.119265,-11.64376,2024.947876
-0.007828,-0.031754,0,0,0,0,1,0,0,0,0,0,0,0,63.99179966,-22.60542566,146.273254,0.020915,5.318408,178.926697,-11.266778,7.401092,0.006961,0.054605,7.169433,18.469866,-245.16806,5.318083,0.021029,5.318083,0.021029,-249.999863,-250,146.273254,1.162549,2.015984,192.144684,176.107941,-0.014319,-0.128907,-10.872057,2047.725464
-0.007828,-0.031754,0,0,0,0,1,0,0,0,0,0,0,0,63.99179746,-22.60542556,146.276718,0.018929,5.324216,178.825912,-10.870261,7.640106,0.006966,0.057503,7.413945,18.464144,-245.173782,5.323914,0.01903,5.323914,0.01903,-249.999863,-250,146.276718,1.234048,2.124871,192.044266,176.510452,-0.01751,-0.139172,-12.127209,2068.69751
-0.007828,-0.031754,0,0,0,0,1,0,0,0,0,0,0,0,63.99179593,-22.60542549,146.279114,0.017719,5.327885,178.754913,-10.613539,7.802746,0.006967,0.059457,7.577835,18.461468,-245.176468,5.327595,0.017814,5.327595,0.017814,-249.999863,-250,146.279114,1.283632,2.197194,191.973618,176.791138,-0.019729,-0.146356,-12.510598,2081.706055
-0.007828,-0.031754,0,0,0,0,1,0,0,0,0,0,0,0,63.99179251,-22.60542532,146.2845,0.015485,5.335117,178.593781,-10.088287,8.156443,0.006968,0.063681,7.936067,18.453773,-245.184158,5.33486,0.015561,5.33486,0.015561,-249.999863,-250,146.2845,1.394151,2.36039,191.81308,177.418182,-0.024417,-0.162506,-11.973012,2106.87793
-0.007828,-0.031754,0,0,0,0,1,0,0,0,0,0,0,0,63.99179017,-22.60542519,146.288193,0.014292,5.339383,178.481995,-9.763048,8.390711,0.006971,0.066499,8.174678,18.451023,-245.186905,5.339148,0.014356,5.339148,0.014356,-249.999863,-250,146.288193,1.469427,2.462232,191.70163,177.844482,-0.028185,-0.173578,-12.274532,2121.467285
-0.007828,-0.031754,0,0,0,0,1,0,0,0,0,0,0,0,63.9917875,-22.60542503,146.292404,0.013221,5.343649,178.353271,-9.421151,8.650674,0.006974,0.069617,8.439132,18.447323,-245.190613,5.343435,0.013272,5.343435,0.013272,-249.999863,-250,146.292404,1.554941,2.576855,191.573425,178.326324,-0.032189,-0.186193,-17.450914,2135.957031
-0.007828,-0.031754,0,0,0,0,1,0,0,0,0,0,0,0,63.99178471,-22.60542485,146.296814,0.01238,5.347512,178.217422,-9.092477,8.914835,0.006976,0.072772,8.707108,18.443567,-245.194366,5.347322,0.012419,5.347322,0.012419,-249.999863,-250,146.296814,1.644008,2.700368,191.437943,178.824188,-0.036455,-0.199343,-10.00915,2149.05127
-0.007828,-0.031754,0,0,0,0,1,0,0,0,0,0,0,0,63.99178179,-22.60542464,146.301407,0.011771,5.350973,178.074493,-8.776594,9.18281,0.006979,0.075983,8.978605,18.439924,-245.198013,5.350802,0.011798,5.350802,0.011798,-249.999863,-250,146.301407,1.73663,2.815125,191.295517,179.336533,-0.04099,-0.213001,-15.203424,2160.845703
-0.007828,-0.031754,0,0,0,0,1,0,0,0,0,0,0,0,63.99177927,-22.60542445,146.305405,0.011438,5.35356,177.949951,-8.522849,9.408772,0.006981,0.078691,9.207965,18.4366,-245.201324,5.353405,0.011455,5.353405,0.011455,-249.999863,-250,146.305405,1.816529,2.919349,191.171432,179.773453,-0.044175,-0.224752,-17.913414,2169.749756
-0.007828,-0.031754,0,0,0,0,1,0,0,0,0,0,0,0,63.99177719,-22.60542429,146.308701,0.011282,5.355443,177.846817,-8.325873,9.591136,0.006982,0.08086,9.391612,18.43458,-245.203354,5.355303,0.011291,5.355303,0.011291,-249.999863,-250,146.308701,1.882219,3.000025,191.068451,180.128845,-0.047489,-0.23438,-15.802386,2176.306152
-0.007828,-0.031754,0,0,0,0,1,0,0,0,0,0,0,0,63.99177285,-22.60542391,146.315552,0.01125,5.35872,177.631195,-7.947386,9.959692,0.006985,0.085265,9.762736,18.428665,-245.209274,5.358604,0.011245,5.358604,0.011245,-249.999863,-250,146.315552,2.018302,3.163355,190.853516,180.853394,-0.054519,-0.254205,-17.245174,2188.019531
-0.007828,-0.031754,0,0,0,0,1,0,0,0,0,0,0,0,63.99176945,-22.6054236,146.320953,0.011465,5.360771,177.461487,-7.676547,10.239114,0.006988,0.088607,10.045987,18.427017,-245.210922,5.360674,0.01145,5.360674,0.01145,-249.999863,-250,146.320953,2.124456,3.289887,190.684097,181.406982,-0.060149,-0.269516,-12.979552,2195.681396
-0.007828,-0.031754,0,0,0,0,1,0,0,0,0,0,0,0,63.99176592,-22.60542324,146.326538,0.011863,5.362494,177.285355,-7.416509,10.520789,0.00699,0.091971,10.331104,18.424767,-245.213165,5.362413,0.011839,5.362413,0.011839,-249.999863,-250,146.326538,2.234086,3.418733,190.508438,181.967545,-0.066077,-0.285114,-11.164481,2202.469727
-0.007828,-0.031754,0,0,0,0,1,0,0,0,0,0,0,0,63.99174702,-22.60542096,146.356598,0.015313,5.366932,176.368561,-6.303297,11.905661,0.006997,0.108432,11.726803,18.38669,-245.251236,5.366914,0.015268,5.366914,0.015268,-249.999863,-250,146.356598,2.811811,4.035357,189.59314,184.731598,-0.09877,-0.360272,-16.737034,2225.232178
-0.007828,-0.031754,0,0,0,0,1,0,0,0,0,0,0,0,63.99174345,-22.60542045,146.362289,0.016085,5.367136,176.199951,-6.132111,12.147342,0.006999,0.111308,11.959621,18.399807,-245.238129,5.367127,0.016036,5.367127,0.016036,-249.999863,-250,146.362289,2.919213,4.141392,189.424561,185.210464,-0.103482,-0.373152,19.995073,2227.804688
-0.007828,-0.031754,0,0,0,0,1,0,0,0,0,0,0,0,63.99173829,-22.60541968,146.370499,0.017259,5.367188,175.959229,-5.901757,12.486649,0.007,0.115332,12.310219,18.403881,-245.234055,5.36719,0.017206,5.36719,0.017206,-249.999863,-250,146.370499,3.073302,4.29741,189.184204,185.877136,-0.113147,-0.391052,15.176291,2230.874756
-0.007828,-0.031754,0,0,0,0,1,0,0,0,0,0,0,0,63.99173218,-22.6054187,146.380249,0.01869,5.36693,175.677811,-5.650874,12.875529,0.007002,0.119942,12.704054,18.40329,-245.23465,5.366946,0.018635,5.366946,0.018635,-249.999863,-250,146.380249,3.254629,4.469529,188.902954,186.631134,-0.123096,-0.411285,12.280075,2233.705078
-0.007828,-0.031754,0,0,0,0,1,0,0,0,0,0,0,0,63.99172744,-22.6054179,146.387833,0.019824,5.366527,175.462326,-5.470688,13.167797,0.007003,0.123404,12.995854,18.407532,-245.230392,5.36655,0.019766,5.36655,0.019766,-249.999863,-250,146.387833,3.394211,4.605587,188.687775,187.189178,-0.130744,-0.426315,19.444204,2235.408691
-0.007828,-0.031754,0,0,0,0,1,0,0,0,0,0,0,0,63.99172257,-22.60541704,146.395615,0.021008,5.365967,175.243057,-5.296916,13.46045,0.007005,0.12689,13.292077,18.408766,-245.229172,5.365999,0.020947,5.365999,0.020947,-249.999863,-250,146.395615,3.536807,4.731783,188.468826,187.739182,-0.138554,-0.441223,13.87387,2236.791016
-0.007828,-0.031754,0,0,0,0,1,0,0,0,0,0,0,0,63.99171756,-22.60541611,146.40361,0.022248,5.365254,175.020065,-5.129197,13.753384,0.007005,0.130341,13.587291,18.409081,-245.228851,5.365293,0.022184,5.365293,0.022184,-249.999863,-250,146.40361,3.682361,4.866868,188.24614,188.279846,-0.146526,-0.456008,15.316138,2237.884277
-0.007828,-0.031754,0,0,0,0,1,0,0,0,0,0,0,0,63.99171243,-22.60541511,146.41185,0.023541,5.364395,174.793427,-4.967231,14.046489,0.007006,0.133809,13.88217,18.40921,-245.228714,5.36444,0.023475,5.36444,0.023475,-249.999863,-250,146.41185,3.830816,4.997526,188.019531,188.809875,-0.154656,-0.470662,15.876404,2238.773926
